{
    "2025-03-24_11-48-21": {
        "accuracy": [
            0.39965999126434326,
            0.5436000227928162,
            0.610319972038269,
            0.6416400074958801,
            0.6661199927330017,
            0.6851000189781189,
            0.6974599957466125,
            0.713699996471405,
            0.7206799983978271,
            0.7303000092506409,
            0.7376800179481506,
            0.7439799904823303,
            0.7490599751472473,
            0.7545599937438965,
            0.7625399827957153,
            0.7646999955177307,
            0.7704200148582458,
            0.7731000185012817,
            0.7743399739265442,
            0.7789400219917297,
            0.7819399833679199,
            0.7849400043487549,
            0.7896000146865845,
            0.7896599769592285,
            0.7911999821662903,
            0.7941799759864807,
            0.7956600189208984,
            0.7999200224876404,
            0.7986000180244446,
            0.8022199869155884,
            0.8043400049209595,
            0.8055199980735779,
            0.8085600137710571,
            0.8075399994850159
        ],
        "loss": [
            1.8131307363510132,
            1.285281777381897,
            1.1105800867080688,
            1.0226054191589355,
            0.9490834474563599,
            0.902558445930481,
            0.8639798164367676,
            0.823191225528717,
            0.8022328019142151,
            0.7760464549064636,
            0.753730297088623,
            0.7318372130393982,
            0.7153461575508118,
            0.7016719579696655,
            0.6881818175315857,
            0.6785865426063538,
            0.6600197553634644,
            0.6504251956939697,
            0.6522037386894226,
            0.6345077753067017,
            0.6246316432952881,
            0.620620608329773,
            0.6048523187637329,
            0.6070449948310852,
            0.5999869704246521,
            0.5890012383460999,
            0.5837937593460083,
            0.5786277055740356,
            0.5754576325416565,
            0.5670484900474548,
            0.5589395761489868,
            0.5573770403862,
            0.5514679551124573,
            0.5508787631988525
        ],
        "val_accuracy": [
            0.492000013589859,
            0.5616000294685364,
            0.6736000180244446,
            0.6830999851226807,
            0.6798999905586243,
            0.7196000218391418,
            0.7372999787330627,
            0.7617999911308289,
            0.5271999835968018,
            0.71670001745224,
            0.7537999749183655,
            0.7774999737739563,
            0.7799999713897705,
            0.7674999833106995,
            0.7652999758720398,
            0.7824000120162964,
            0.7297000288963318,
            0.7781999707221985,
            0.7825000286102295,
            0.7980999946594238,
            0.7936999797821045,
            0.7857000231742859,
            0.7950999736785889,
            0.8016999959945679,
            0.7745000123977661,
            0.7620999813079834,
            0.8050000071525574,
            0.792900025844574,
            0.817300021648407,
            0.7997000217437744,
            0.7785000205039978,
            0.795199990272522,
            0.8083000183105469,
            0.8050000071525574
        ],
        "val_loss": [
            1.4828033447265625,
            1.1835196018218994,
            0.9317992925643921,
            0.9007234573364258,
            0.9140796661376953,
            0.7913530468940735,
            0.7549058794975281,
            0.671520471572876,
            1.6050286293029785,
            0.7962827682495117,
            0.6991442441940308,
            0.6339694857597351,
            0.6251745820045471,
            0.6705708503723145,
            0.6646625995635986,
            0.6294297575950623,
            0.8048012852668762,
            0.624825656414032,
            0.6210393309593201,
            0.580589234828949,
            0.5960693955421448,
            0.6176929473876953,
            0.591871440410614,
            0.56592857837677,
            0.6495679616928101,
            0.6926500797271729,
            0.5623540878295898,
            0.60117506980896,
            0.5386039018630981,
            0.5938512682914734,
            0.65702223777771,
            0.6110554337501526,
            0.5656431317329407,
            0.5718596577644348
        ]
    }
}