{
    "2025-03-17_20-53-51": {
        "accuracy": [
            0.21532000601291656,
            0.3395000100135803,
            0.411980003118515,
            0.4643400013446808,
            0.5161399841308594,
            0.5566800236701965,
            0.5914999842643738,
            0.6247199773788452,
            0.6392199993133545,
            0.6638399958610535
        ],
        "loss": [
            2.0749120712280273,
            1.755903959274292,
            1.6130143404006958,
            1.4960508346557617,
            1.3930044174194336,
            1.290492057800293,
            1.2033628225326538,
            1.121206521987915,
            1.061887264251709,
            1.0035662651062012
        ],
        "val_accuracy": [
            0.10000000149011612,
            0.10000000149011612,
            0.10000000149011612,
            0.3944000005722046,
            0.461899995803833,
            0.5080000162124634,
            0.5278000235557556,
            0.6025999784469604,
            0.5940999984741211,
            0.6363000273704529
        ],
        "val_loss": [
            2.3066108226776123,
            2.3328304290771484,
            2.3459854125976562,
            1.7063578367233276,
            2.8346385955810547,
            2.5943543910980225,
            2.6379966735839844,
            1.788834810256958,
            1.4856706857681274,
            1.3897494077682495
        ]
    }
}