{
    "Test Accuracy": 0.7411999702453613,
    "Test Loss": 0.7264771461486816
}