{
    "Test Accuracy": 0.817300021648407,
    "Test Loss": 0.5386037826538086
}