{
    "2025-04-09_22-31-56": {
        "0": {
            "precision": 0.446875,
            "recall": 0.572,
            "f1-score": 0.5017543859649123,
            "support": 1000.0
        },
        "1": {
            "precision": 0.5520945220193341,
            "recall": 0.514,
            "f1-score": 0.5323666494044537,
            "support": 1000.0
        },
        "2": {
            "precision": 0.528,
            "recall": 0.066,
            "f1-score": 0.11733333333333333,
            "support": 1000.0
        },
        "3": {
            "precision": 0.2711864406779661,
            "recall": 0.304,
            "f1-score": 0.28665723715228664,
            "support": 1000.0
        },
        "4": {
            "precision": 0.29671457905544146,
            "recall": 0.289,
            "f1-score": 0.292806484295846,
            "support": 1000.0
        },
        "5": {
            "precision": 0.4296160877513711,
            "recall": 0.235,
            "f1-score": 0.3038138332255979,
            "support": 1000.0
        },
        "6": {
            "precision": 0.24871029052402932,
            "recall": 0.916,
            "f1-score": 0.39120222079863337,
            "support": 1000.0
        },
        "7": {
            "precision": 0.6450304259634888,
            "recall": 0.318,
            "f1-score": 0.42598794373744137,
            "support": 1000.0
        },
        "8": {
            "precision": 0.7,
            "recall": 0.294,
            "f1-score": 0.4140845070422535,
            "support": 1000.0
        },
        "9": {
            "precision": 0.6690140845070423,
            "recall": 0.285,
            "f1-score": 0.3997194950911641,
            "support": 1000.0
        },
        "accuracy": 0.3793,
        "macro avg": {
            "precision": 0.4787241430498673,
            "recall": 0.3793,
            "f1-score": 0.3665726090045922,
            "support": 10000.0
        },
        "weighted avg": {
            "precision": 0.4787241430498672,
            "recall": 0.3793,
            "f1-score": 0.3665726090045922,
            "support": 10000.0
        }
    }
}