{
    "2025-04-09_10-47-29": {
        "0": {
            "precision": 0.872784150156413,
            "recall": 0.837,
            "f1-score": 0.8545176110260337,
            "support": 1000.0
        },
        "1": {
            "precision": 0.9368530020703933,
            "recall": 0.905,
            "f1-score": 0.9206510681586979,
            "support": 1000.0
        },
        "2": {
            "precision": 0.8034188034188035,
            "recall": 0.752,
            "f1-score": 0.7768595041322314,
            "support": 1000.0
        },
        "3": {
            "precision": 0.7512135922330098,
            "recall": 0.619,
            "f1-score": 0.6787280701754386,
            "support": 1000.0
        },
        "4": {
            "precision": 0.7453310696095077,
            "recall": 0.878,
            "f1-score": 0.8062442607897153,
            "support": 1000.0
        },
        "5": {
            "precision": 0.7945945945945946,
            "recall": 0.735,
            "f1-score": 0.7636363636363637,
            "support": 1000.0
        },
        "6": {
            "precision": 0.7824267782426778,
            "recall": 0.935,
            "f1-score": 0.8519362186788155,
            "support": 1000.0
        },
        "7": {
            "precision": 0.9017580144777663,
            "recall": 0.872,
            "f1-score": 0.8866293848500254,
            "support": 1000.0
        },
        "8": {
            "precision": 0.8842897460018815,
            "recall": 0.94,
            "f1-score": 0.9112942317014057,
            "support": 1000.0
        },
        "9": {
            "precision": 0.9108409321175278,
            "recall": 0.899,
            "f1-score": 0.9048817312531454,
            "support": 1000.0
        },
        "accuracy": 0.8372,
        "macro avg": {
            "precision": 0.8383510682922575,
            "recall": 0.8371999999999999,
            "f1-score": 0.8355378444401872,
            "support": 10000.0
        },
        "weighted avg": {
            "precision": 0.8383510682922575,
            "recall": 0.8372,
            "f1-score": 0.8355378444401871,
            "support": 10000.0
        }
    }
}