{
    "2025-04-13_20-55-43": {
        "0": {
            "precision": 0.7164804469273743,
            "recall": 0.513,
            "f1-score": 0.5979020979020979,
            "support": 1000.0
        },
        "1": {
            "precision": 0.8241082410824109,
            "recall": 0.67,
            "f1-score": 0.7391064533921676,
            "support": 1000.0
        },
        "2": {
            "precision": 0.4966517857142857,
            "recall": 0.445,
            "f1-score": 0.4694092827004219,
            "support": 1000.0
        },
        "3": {
            "precision": 0.4894308943089431,
            "recall": 0.301,
            "f1-score": 0.37275541795665634,
            "support": 1000.0
        },
        "4": {
            "precision": 0.3647125140924464,
            "recall": 0.647,
            "f1-score": 0.4664744051910598,
            "support": 1000.0
        },
        "5": {
            "precision": 0.63003663003663,
            "recall": 0.344,
            "f1-score": 0.445019404915912,
            "support": 1000.0
        },
        "6": {
            "precision": 0.37799431587494925,
            "recall": 0.931,
            "f1-score": 0.5376840889402252,
            "support": 1000.0
        },
        "7": {
            "precision": 0.9054878048780488,
            "recall": 0.297,
            "f1-score": 0.44728915662650603,
            "support": 1000.0
        },
        "8": {
            "precision": 0.6222050886661527,
            "recall": 0.807,
            "f1-score": 0.7026556377884197,
            "support": 1000.0
        },
        "9": {
            "precision": 0.927536231884058,
            "recall": 0.512,
            "f1-score": 0.6597938144329897,
            "support": 1000.0
        },
        "accuracy": 0.5467,
        "macro avg": {
            "precision": 0.6354643953465299,
            "recall": 0.5467000000000001,
            "f1-score": 0.5438089759846456,
            "support": 10000.0
        },
        "weighted avg": {
            "precision": 0.6354643953465299,
            "recall": 0.5467,
            "f1-score": 0.5438089759846457,
            "support": 10000.0
        }
    }
}