{
    "2025-04-09_21-19-32": {
        "0": {
            "precision": 0.8364269141531323,
            "recall": 0.721,
            "f1-score": 0.7744360902255639,
            "support": 1000.0
        },
        "1": {
            "precision": 0.9345029239766082,
            "recall": 0.799,
            "f1-score": 0.861455525606469,
            "support": 1000.0
        },
        "2": {
            "precision": 0.689922480620155,
            "recall": 0.623,
            "f1-score": 0.6547556489753021,
            "support": 1000.0
        },
        "3": {
            "precision": 0.7033898305084746,
            "recall": 0.498,
            "f1-score": 0.5831381733021077,
            "support": 1000.0
        },
        "4": {
            "precision": 0.5847400405131667,
            "recall": 0.866,
            "f1-score": 0.698105602579605,
            "support": 1000.0
        },
        "5": {
            "precision": 0.7191780821917808,
            "recall": 0.63,
            "f1-score": 0.6716417910447762,
            "support": 1000.0
        },
        "6": {
            "precision": 0.6867838044308633,
            "recall": 0.899,
            "f1-score": 0.7786920744911217,
            "support": 1000.0
        },
        "7": {
            "precision": 0.8918918918918919,
            "recall": 0.726,
            "f1-score": 0.8004410143329658,
            "support": 1000.0
        },
        "8": {
            "precision": 0.7774030354131535,
            "recall": 0.922,
            "f1-score": 0.8435498627630376,
            "support": 1000.0
        },
        "9": {
            "precision": 0.8548707753479126,
            "recall": 0.86,
            "f1-score": 0.8574277168494516,
            "support": 1000.0
        },
        "accuracy": 0.7544,
        "macro avg": {
            "precision": 0.7679109779047139,
            "recall": 0.7544000000000001,
            "f1-score": 0.75236435001704,
            "support": 10000.0
        },
        "weighted avg": {
            "precision": 0.767910977904714,
            "recall": 0.7544,
            "f1-score": 0.75236435001704,
            "support": 10000.0
        }
    }
}