{
    "2025-04-09_22-25-03": {
        "0": {
            "precision": 0.7966942148760331,
            "recall": 0.482,
            "f1-score": 0.6006230529595016,
            "support": 1000.0
        },
        "1": {
            "precision": 0.8706786171574904,
            "recall": 0.68,
            "f1-score": 0.7636159460976979,
            "support": 1000.0
        },
        "2": {
            "precision": 0.6012176560121766,
            "recall": 0.395,
            "f1-score": 0.4767652383826192,
            "support": 1000.0
        },
        "3": {
            "precision": 0.4719562243502052,
            "recall": 0.345,
            "f1-score": 0.3986135181975737,
            "support": 1000.0
        },
        "4": {
            "precision": 0.4109506618531889,
            "recall": 0.683,
            "f1-score": 0.5131480090157776,
            "support": 1000.0
        },
        "5": {
            "precision": 0.5846925972396487,
            "recall": 0.466,
            "f1-score": 0.5186421814134669,
            "support": 1000.0
        },
        "6": {
            "precision": 0.43194706994328924,
            "recall": 0.914,
            "f1-score": 0.5866495507060334,
            "support": 1000.0
        },
        "7": {
            "precision": 0.8315972222222222,
            "recall": 0.479,
            "f1-score": 0.6078680203045685,
            "support": 1000.0
        },
        "8": {
            "precision": 0.6493993993993994,
            "recall": 0.865,
            "f1-score": 0.741852487135506,
            "support": 1000.0
        },
        "9": {
            "precision": 0.8707940780619112,
            "recall": 0.647,
            "f1-score": 0.7423981640849111,
            "support": 1000.0
        },
        "accuracy": 0.5956,
        "macro avg": {
            "precision": 0.6519927741115564,
            "recall": 0.5956,
            "f1-score": 0.5950176168297656,
            "support": 10000.0
        },
        "weighted avg": {
            "precision": 0.6519927741115564,
            "recall": 0.5956,
            "f1-score": 0.5950176168297656,
            "support": 10000.0
        }
    }
}