{
    "2025-04-13_18-19-10": {
        "0": {
            "precision": 0.8199513381995134,
            "recall": 0.674,
            "f1-score": 0.7398463227222832,
            "support": 1000.0
        },
        "1": {
            "precision": 0.8886389201349831,
            "recall": 0.79,
            "f1-score": 0.8364213869772367,
            "support": 1000.0
        },
        "2": {
            "precision": 0.6177644710578842,
            "recall": 0.619,
            "f1-score": 0.6183816183816184,
            "support": 1000.0
        },
        "3": {
            "precision": 0.5470183486238532,
            "recall": 0.477,
            "f1-score": 0.5096153846153846,
            "support": 1000.0
        },
        "4": {
            "precision": 0.5170418006430868,
            "recall": 0.804,
            "f1-score": 0.6293542074363992,
            "support": 1000.0
        },
        "5": {
            "precision": 0.6372443487621098,
            "recall": 0.592,
            "f1-score": 0.6137895282529808,
            "support": 1000.0
        },
        "6": {
            "precision": 0.7368922783603432,
            "recall": 0.773,
            "f1-score": 0.7545143972669595,
            "support": 1000.0
        },
        "7": {
            "precision": 0.8460606060606061,
            "recall": 0.698,
            "f1-score": 0.7649315068493151,
            "support": 1000.0
        },
        "8": {
            "precision": 0.7722419928825622,
            "recall": 0.868,
            "f1-score": 0.8173258003766478,
            "support": 1000.0
        },
        "9": {
            "precision": 0.8445873526259379,
            "recall": 0.788,
            "f1-score": 0.8153129849974133,
            "support": 1000.0
        },
        "accuracy": 0.7083,
        "macro avg": {
            "precision": 0.722744145735088,
            "recall": 0.7083,
            "f1-score": 0.7099493137876238,
            "support": 10000.0
        },
        "weighted avg": {
            "precision": 0.722744145735088,
            "recall": 0.7083,
            "f1-score": 0.7099493137876238,
            "support": 10000.0
        }
    }
}