{
    "2025-04-13_19-54-02": {
        "0": {
            "precision": 0.7252311756935271,
            "recall": 0.549,
            "f1-score": 0.6249288560045532,
            "support": 1000.0
        },
        "1": {
            "precision": 0.8767772511848341,
            "recall": 0.555,
            "f1-score": 0.6797305572565829,
            "support": 1000.0
        },
        "2": {
            "precision": 0.6297872340425532,
            "recall": 0.296,
            "f1-score": 0.40272108843537413,
            "support": 1000.0
        },
        "3": {
            "precision": 0.45567375886524825,
            "recall": 0.257,
            "f1-score": 0.32864450127877237,
            "support": 1000.0
        },
        "4": {
            "precision": 0.3695861405197305,
            "recall": 0.768,
            "f1-score": 0.49902534113060426,
            "support": 1000.0
        },
        "5": {
            "precision": 0.593006993006993,
            "recall": 0.424,
            "f1-score": 0.4944606413994169,
            "support": 1000.0
        },
        "6": {
            "precision": 0.41859389454209067,
            "recall": 0.905,
            "f1-score": 0.5724225173940544,
            "support": 1000.0
        },
        "7": {
            "precision": 0.8413001912045889,
            "recall": 0.44,
            "f1-score": 0.5778069599474721,
            "support": 1000.0
        },
        "8": {
            "precision": 0.6597774244833068,
            "recall": 0.83,
            "f1-score": 0.7351638618246236,
            "support": 1000.0
        },
        "9": {
            "precision": 0.7833333333333333,
            "recall": 0.658,
            "f1-score": 0.7152173913043478,
            "support": 1000.0
        },
        "accuracy": 0.5682,
        "macro avg": {
            "precision": 0.6353067396876206,
            "recall": 0.5682,
            "f1-score": 0.5630121715975801,
            "support": 10000.0
        },
        "weighted avg": {
            "precision": 0.6353067396876205,
            "recall": 0.5682,
            "f1-score": 0.5630121715975802,
            "support": 10000.0
        }
    }
}