{
    "2025-04-13_18-53-42": {
        "0": {
            "precision": 0.8038067349926794,
            "recall": 0.549,
            "f1-score": 0.6524064171122995,
            "support": 1000.0
        },
        "1": {
            "precision": 0.8929016189290162,
            "recall": 0.717,
            "f1-score": 0.7953410981697171,
            "support": 1000.0
        },
        "2": {
            "precision": 0.5700667302192565,
            "recall": 0.598,
            "f1-score": 0.5836993655441679,
            "support": 1000.0
        },
        "3": {
            "precision": 0.5297619047619048,
            "recall": 0.534,
            "f1-score": 0.5318725099601593,
            "support": 1000.0
        },
        "4": {
            "precision": 0.5685763888888888,
            "recall": 0.655,
            "f1-score": 0.6087360594795539,
            "support": 1000.0
        },
        "5": {
            "precision": 0.6157158234660925,
            "recall": 0.572,
            "f1-score": 0.5930533955417314,
            "support": 1000.0
        },
        "6": {
            "precision": 0.625648628613788,
            "recall": 0.844,
            "f1-score": 0.7186036611323967,
            "support": 1000.0
        },
        "7": {
            "precision": 0.740234375,
            "recall": 0.758,
            "f1-score": 0.7490118577075099,
            "support": 1000.0
        },
        "8": {
            "precision": 0.7406113537117904,
            "recall": 0.848,
            "f1-score": 0.7906759906759907,
            "support": 1000.0
        },
        "9": {
            "precision": 0.8613053613053613,
            "recall": 0.739,
            "f1-score": 0.7954790096878364,
            "support": 1000.0
        },
        "accuracy": 0.6814,
        "macro avg": {
            "precision": 0.6948628919888779,
            "recall": 0.6814,
            "f1-score": 0.6818879365011363,
            "support": 10000.0
        },
        "weighted avg": {
            "precision": 0.6948628919888779,
            "recall": 0.6814,
            "f1-score": 0.6818879365011363,
            "support": 10000.0
        }
    }
}