{
    "2025-05-17_14-35-20": {
        "0": {
            "precision": 0.4941348973607038,
            "recall": 0.337,
            "f1-score": 0.40071343638525564,
            "support": 1000.0
        },
        "1": {
            "precision": 0.8817567567567568,
            "recall": 0.522,
            "f1-score": 0.6557788944723618,
            "support": 1000.0
        },
        "2": {
            "precision": 0.6395833333333333,
            "recall": 0.307,
            "f1-score": 0.41486486486486485,
            "support": 1000.0
        },
        "3": {
            "precision": 0.5834829443447038,
            "recall": 0.325,
            "f1-score": 0.4174694926140013,
            "support": 1000.0
        },
        "4": {
            "precision": 0.4554334554334554,
            "recall": 0.746,
            "f1-score": 0.5655799848369977,
            "support": 1000.0
        },
        "5": {
            "precision": 0.6663254861821903,
            "recall": 0.651,
            "f1-score": 0.6585735963581184,
            "support": 1000.0
        },
        "6": {
            "precision": 0.5016666666666667,
            "recall": 0.903,
            "f1-score": 0.645,
            "support": 1000.0
        },
        "7": {
            "precision": 0.7914691943127962,
            "recall": 0.668,
            "f1-score": 0.7245119305856833,
            "support": 1000.0
        },
        "8": {
            "precision": 0.419583967529173,
            "recall": 0.827,
            "f1-score": 0.5567149108044429,
            "support": 1000.0
        },
        "9": {
            "precision": 0.7647058823529411,
            "recall": 0.351,
            "f1-score": 0.48115147361206306,
            "support": 1000.0
        },
        "accuracy": 0.5637,
        "macro avg": {
            "precision": 0.6198142584272721,
            "recall": 0.5637,
            "f1-score": 0.5520358584533789,
            "support": 10000.0
        },
        "weighted avg": {
            "precision": 0.619814258427272,
            "recall": 0.5637,
            "f1-score": 0.552035858453379,
            "support": 10000.0
        }
    }
}