{
    "2025-05-17_11-47-09": {
        "0": {
            "precision": 0.4178470254957507,
            "recall": 0.295,
            "f1-score": 0.34583821805392734,
            "support": 1000.0
        },
        "1": {
            "precision": 0.8710280373831776,
            "recall": 0.466,
            "f1-score": 0.6071661237785017,
            "support": 1000.0
        },
        "2": {
            "precision": 0.4689655172413793,
            "recall": 0.068,
            "f1-score": 0.11877729257641921,
            "support": 1000.0
        },
        "3": {
            "precision": 0.5263157894736842,
            "recall": 0.01,
            "f1-score": 0.019627085377821395,
            "support": 1000.0
        },
        "4": {
            "precision": 0.31160572337042924,
            "recall": 0.588,
            "f1-score": 0.40734326290266715,
            "support": 1000.0
        },
        "5": {
            "precision": 0.5234708392603129,
            "recall": 0.368,
            "f1-score": 0.4321785085143864,
            "support": 1000.0
        },
        "6": {
            "precision": 0.3177935943060498,
            "recall": 0.893,
            "f1-score": 0.4687664041994751,
            "support": 1000.0
        },
        "7": {
            "precision": 0.8341121495327103,
            "recall": 0.357,
            "f1-score": 0.5,
            "support": 1000.0
        },
        "8": {
            "precision": 0.34430489389346036,
            "recall": 0.795,
            "f1-score": 0.48050770625566636,
            "support": 1000.0
        },
        "9": {
            "precision": 0.648471615720524,
            "recall": 0.297,
            "f1-score": 0.4074074074074074,
            "support": 1000.0
        },
        "accuracy": 0.4137,
        "macro avg": {
            "precision": 0.5263915185677479,
            "recall": 0.41369999999999996,
            "f1-score": 0.3787612009066272,
            "support": 10000.0
        },
        "weighted avg": {
            "precision": 0.5263915185677479,
            "recall": 0.4137,
            "f1-score": 0.3787612009066272,
            "support": 10000.0
        }
    }
}