{
    "2025-05-17_11-47-54": {
        "0": {
            "precision": 0.32284263959390863,
            "recall": 0.636,
            "f1-score": 0.42828282828282827,
            "support": 1000.0
        },
        "1": {
            "precision": 0.8512396694214877,
            "recall": 0.515,
            "f1-score": 0.6417445482866043,
            "support": 1000.0
        },
        "2": {
            "precision": 0.4799154334038055,
            "recall": 0.227,
            "f1-score": 0.30821452817379497,
            "support": 1000.0
        },
        "3": {
            "precision": 0.4290909090909091,
            "recall": 0.118,
            "f1-score": 0.18509803921568627,
            "support": 1000.0
        },
        "4": {
            "precision": 0.12994350282485875,
            "recall": 0.023,
            "f1-score": 0.03908241291418862,
            "support": 1000.0
        },
        "5": {
            "precision": 0.5633270321361059,
            "recall": 0.298,
            "f1-score": 0.3897972531066056,
            "support": 1000.0
        },
        "6": {
            "precision": 0.3727581192438197,
            "recall": 0.769,
            "f1-score": 0.5021221025138752,
            "support": 1000.0
        },
        "7": {
            "precision": 0.8536585365853658,
            "recall": 0.28,
            "f1-score": 0.42168674698795183,
            "support": 1000.0
        },
        "8": {
            "precision": 0.31431571578578926,
            "recall": 0.898,
            "f1-score": 0.4656468758102152,
            "support": 1000.0
        },
        "9": {
            "precision": 0.6583679114799447,
            "recall": 0.476,
            "f1-score": 0.5525246662797446,
            "support": 1000.0
        },
        "accuracy": 0.424,
        "macro avg": {
            "precision": 0.4975459469565996,
            "recall": 0.42400000000000004,
            "f1-score": 0.3934200001571495,
            "support": 10000.0
        },
        "weighted avg": {
            "precision": 0.4975459469565994,
            "recall": 0.424,
            "f1-score": 0.39342000015714945,
            "support": 10000.0
        }
    }
}