{
    "2025-05-17_11-49-29": {
        "0": {
            "precision": 0.38505096262740657,
            "recall": 0.34,
            "f1-score": 0.36112586298459903,
            "support": 1000.0
        },
        "1": {
            "precision": 0.8541666666666666,
            "recall": 0.492,
            "f1-score": 0.6243654822335025,
            "support": 1000.0
        },
        "2": {
            "precision": 0.5416666666666666,
            "recall": 0.013,
            "f1-score": 0.025390625,
            "support": 1000.0
        },
        "3": {
            "precision": 0.3813559322033898,
            "recall": 0.09,
            "f1-score": 0.14563106796116504,
            "support": 1000.0
        },
        "4": {
            "precision": 0.32450780719619826,
            "recall": 0.478,
            "f1-score": 0.38657501010917916,
            "support": 1000.0
        },
        "5": {
            "precision": 0.5474137931034483,
            "recall": 0.254,
            "f1-score": 0.3469945355191257,
            "support": 1000.0
        },
        "6": {
            "precision": 0.31364997860504923,
            "recall": 0.733,
            "f1-score": 0.4393167515732694,
            "support": 1000.0
        },
        "7": {
            "precision": 0.830423940149626,
            "recall": 0.333,
            "f1-score": 0.4753747323340471,
            "support": 1000.0
        },
        "8": {
            "precision": 0.30142212972597987,
            "recall": 0.869,
            "f1-score": 0.4475920679886686,
            "support": 1000.0
        },
        "9": {
            "precision": 0.603042876901798,
            "recall": 0.436,
            "f1-score": 0.506094022054556,
            "support": 1000.0
        },
        "accuracy": 0.4038,
        "macro avg": {
            "precision": 0.5082700753846229,
            "recall": 0.40380000000000005,
            "f1-score": 0.3758460157758113,
            "support": 10000.0
        },
        "weighted avg": {
            "precision": 0.508270075384623,
            "recall": 0.4038,
            "f1-score": 0.3758460157758112,
            "support": 10000.0
        }
    }
}