{
    "2025-05-17_11-50-17": {
        "0": {
            "precision": 0.332220367278798,
            "recall": 0.597,
            "f1-score": 0.4268859492313193,
            "support": 1000.0
        },
        "1": {
            "precision": 0.8521256931608133,
            "recall": 0.461,
            "f1-score": 0.5983127839065542,
            "support": 1000.0
        },
        "2": {
            "precision": 0.1746031746031746,
            "recall": 0.011,
            "f1-score": 0.020696142991533398,
            "support": 1000.0
        },
        "3": {
            "precision": 0.29056603773584905,
            "recall": 0.077,
            "f1-score": 0.12173913043478261,
            "support": 1000.0
        },
        "4": {
            "precision": 0.3487544483985765,
            "recall": 0.098,
            "f1-score": 0.15300546448087432,
            "support": 1000.0
        },
        "5": {
            "precision": 0.4860335195530726,
            "recall": 0.087,
            "f1-score": 0.1475826972010178,
            "support": 1000.0
        },
        "6": {
            "precision": 0.29169649248389407,
            "recall": 0.815,
            "f1-score": 0.42962572482867684,
            "support": 1000.0
        },
        "7": {
            "precision": 0.7760180995475113,
            "recall": 0.343,
            "f1-score": 0.47572815533980584,
            "support": 1000.0
        },
        "8": {
            "precision": 0.2964440013293453,
            "recall": 0.892,
            "f1-score": 0.44499875280618606,
            "support": 1000.0
        },
        "9": {
            "precision": 0.6057233704292527,
            "recall": 0.381,
            "f1-score": 0.4677716390423573,
            "support": 1000.0
        },
        "accuracy": 0.3762,
        "macro avg": {
            "precision": 0.4454185204520287,
            "recall": 0.3762,
            "f1-score": 0.3286346440263108,
            "support": 10000.0
        },
        "weighted avg": {
            "precision": 0.4454185204520288,
            "recall": 0.3762,
            "f1-score": 0.32863464402631076,
            "support": 10000.0
        }
    }
}