{
    "2025-05-17_11-48-42": {
        "0": {
            "precision": 0.5141242937853108,
            "recall": 0.455,
            "f1-score": 0.4827586206896552,
            "support": 1000.0
        },
        "1": {
            "precision": 0.8723404255319149,
            "recall": 0.492,
            "f1-score": 0.629156010230179,
            "support": 1000.0
        },
        "2": {
            "precision": 0.21787709497206703,
            "recall": 0.039,
            "f1-score": 0.06615776081424936,
            "support": 1000.0
        },
        "3": {
            "precision": 0.37589670014347204,
            "recall": 0.262,
            "f1-score": 0.3087802003535651,
            "support": 1000.0
        },
        "4": {
            "precision": 0.3637795275590551,
            "recall": 0.462,
            "f1-score": 0.40704845814977975,
            "support": 1000.0
        },
        "5": {
            "precision": 0.45261845386533667,
            "recall": 0.363,
            "f1-score": 0.40288568257491675,
            "support": 1000.0
        },
        "6": {
            "precision": 0.31410494975809455,
            "recall": 0.844,
            "f1-score": 0.457824789802007,
            "support": 1000.0
        },
        "7": {
            "precision": 0.8187633262260128,
            "recall": 0.384,
            "f1-score": 0.5228046289993192,
            "support": 1000.0
        },
        "8": {
            "precision": 0.4212962962962963,
            "recall": 0.819,
            "f1-score": 0.5563858695652174,
            "support": 1000.0
        },
        "9": {
            "precision": 0.7176938369781312,
            "recall": 0.361,
            "f1-score": 0.4803725881570193,
            "support": 1000.0
        },
        "accuracy": 0.4481,
        "macro avg": {
            "precision": 0.5068494905115691,
            "recall": 0.4481,
            "f1-score": 0.43141746093359085,
            "support": 10000.0
        },
        "weighted avg": {
            "precision": 0.5068494905115691,
            "recall": 0.4481,
            "f1-score": 0.4314174609335908,
            "support": 10000.0
        }
    }
}