{
    "2025-05-17_11-54-50": {
        "0": {
            "precision": 0.8046132971506106,
            "recall": 0.593,
            "f1-score": 0.6827864133563616,
            "support": 1000.0
        },
        "1": {
            "precision": 0.7024922118380063,
            "recall": 0.451,
            "f1-score": 0.5493300852618758,
            "support": 1000.0
        },
        "2": {
            "precision": 0.5914423740510697,
            "recall": 0.857,
            "f1-score": 0.6998775010208248,
            "support": 1000.0
        },
        "3": {
            "precision": 0.6991786447638604,
            "recall": 0.681,
            "f1-score": 0.6899696048632219,
            "support": 1000.0
        },
        "4": {
            "precision": 0.6981845688350984,
            "recall": 0.923,
            "f1-score": 0.7950043066322137,
            "support": 1000.0
        },
        "5": {
            "precision": 0.8801369863013698,
            "recall": 0.771,
            "f1-score": 0.8219616204690832,
            "support": 1000.0
        },
        "accuracy": 0.7126666666666667,
        "macro avg": {
            "precision": 0.7293413471566693,
            "recall": 0.7126666666666667,
            "f1-score": 0.7064882552672634,
            "support": 6000.0
        },
        "weighted avg": {
            "precision": 0.7293413471566691,
            "recall": 0.7126666666666667,
            "f1-score": 0.7064882552672634,
            "support": 6000.0
        }
    }
}