{
    "2025-05-17_11-53-02": {
        "0": {
            "precision": 0.4256259204712813,
            "recall": 0.289,
            "f1-score": 0.34425253126861227,
            "support": 1000.0
        },
        "1": {
            "precision": 0.3728813559322034,
            "recall": 0.264,
            "f1-score": 0.3091334894613583,
            "support": 1000.0
        },
        "2": {
            "precision": 0.28191072826938135,
            "recall": 0.72,
            "f1-score": 0.4051772650534609,
            "support": 1000.0
        },
        "3": {
            "precision": 0.46825396825396826,
            "recall": 0.354,
            "f1-score": 0.4031890660592255,
            "support": 1000.0
        },
        "4": {
            "precision": 0.5459317585301837,
            "recall": 0.624,
            "f1-score": 0.5823611759216052,
            "support": 1000.0
        },
        "5": {
            "precision": 0.925,
            "recall": 0.148,
            "f1-score": 0.25517241379310346,
            "support": 1000.0
        },
        "accuracy": 0.3998333333333333,
        "macro avg": {
            "precision": 0.5032672885761696,
            "recall": 0.3998333333333333,
            "f1-score": 0.3832143235928942,
            "support": 6000.0
        },
        "weighted avg": {
            "precision": 0.5032672885761696,
            "recall": 0.3998333333333333,
            "f1-score": 0.3832143235928943,
            "support": 6000.0
        }
    }
}