{
    "2025-05-17_10-45-57": {
        "0": {
            "precision": 0.4861111111111111,
            "recall": 0.21,
            "f1-score": 0.29329608938547486,
            "support": 1000.0
        },
        "1": {
            "precision": 0.3695150115473441,
            "recall": 0.32,
            "f1-score": 0.3429796355841372,
            "support": 1000.0
        },
        "2": {
            "precision": 0.32432432432432434,
            "recall": 0.648,
            "f1-score": 0.4322881921280854,
            "support": 1000.0
        },
        "3": {
            "precision": 0.5346534653465347,
            "recall": 0.216,
            "f1-score": 0.3076923076923077,
            "support": 1000.0
        },
        "4": {
            "precision": 0.4270386266094421,
            "recall": 0.796,
            "f1-score": 0.5558659217877095,
            "support": 1000.0
        },
        "5": {
            "precision": 0.7729357798165137,
            "recall": 0.337,
            "f1-score": 0.46935933147632314,
            "support": 1000.0
        },
        "accuracy": 0.4211666666666667,
        "macro avg": {
            "precision": 0.4857630531258783,
            "recall": 0.4211666666666667,
            "f1-score": 0.4002469130090063,
            "support": 6000.0
        },
        "weighted avg": {
            "precision": 0.48576305312587836,
            "recall": 0.4211666666666667,
            "f1-score": 0.4002469130090063,
            "support": 6000.0
        }
    }
}