{
    "2025-05-17_10-47-53": {
        "0": {
            "precision": 0.717391304347826,
            "recall": 0.033,
            "f1-score": 0.06309751434034416,
            "support": 1000.0
        },
        "1": {
            "precision": 0.43902439024390244,
            "recall": 0.018,
            "f1-score": 0.0345821325648415,
            "support": 1000.0
        },
        "2": {
            "precision": 0.2602168473728107,
            "recall": 0.624,
            "f1-score": 0.36727486756915834,
            "support": 1000.0
        },
        "3": {
            "precision": 0.5121359223300971,
            "recall": 0.211,
            "f1-score": 0.2988668555240793,
            "support": 1000.0
        },
        "4": {
            "precision": 0.3050847457627119,
            "recall": 0.774,
            "f1-score": 0.43765903307888043,
            "support": 1000.0
        },
        "5": {
            "precision": 0.6713780918727915,
            "recall": 0.38,
            "f1-score": 0.48531289910600256,
            "support": 1000.0
        },
        "accuracy": 0.34,
        "macro avg": {
            "precision": 0.4842052169883566,
            "recall": 0.34,
            "f1-score": 0.281132217030551,
            "support": 6000.0
        },
        "weighted avg": {
            "precision": 0.4842052169883566,
            "recall": 0.34,
            "f1-score": 0.281132217030551,
            "support": 6000.0
        }
    }
}