{
    "2025-05-17_10-49-01": {
        "0": {
            "precision": 0.3727598566308244,
            "recall": 0.104,
            "f1-score": 0.16262705238467554,
            "support": 1000.0
        },
        "1": {
            "precision": 0.0,
            "recall": 0.0,
            "f1-score": 0.0,
            "support": 1000.0
        },
        "2": {
            "precision": 0.16955077783604264,
            "recall": 0.97,
            "f1-score": 0.2886475226900759,
            "support": 1000.0
        },
        "3": {
            "precision": 0.0,
            "recall": 0.0,
            "f1-score": 0.0,
            "support": 1000.0
        },
        "4": {
            "precision": 0.0,
            "recall": 0.0,
            "f1-score": 0.0,
            "support": 1000.0
        },
        "5": {
            "precision": 0.0,
            "recall": 0.0,
            "f1-score": 0.0,
            "support": 1000.0
        },
        "accuracy": 0.179,
        "macro avg": {
            "precision": 0.09038510574447783,
            "recall": 0.17900000000000002,
            "f1-score": 0.07521242917912524,
            "support": 6000.0
        },
        "weighted avg": {
            "precision": 0.09038510574447783,
            "recall": 0.179,
            "f1-score": 0.07521242917912523,
            "support": 6000.0
        }
    }
}