{
    "2025-05-17_10-49-38": {
        "0": {
            "precision": 0.5880681818181818,
            "recall": 0.207,
            "f1-score": 0.3062130177514793,
            "support": 1000.0
        },
        "1": {
            "precision": 0.4329608938547486,
            "recall": 0.31,
            "f1-score": 0.3613053613053613,
            "support": 1000.0
        },
        "2": {
            "precision": 0.36466165413533835,
            "recall": 0.679,
            "f1-score": 0.4744933612858141,
            "support": 1000.0
        },
        "3": {
            "precision": 0.4591715976331361,
            "recall": 0.388,
            "f1-score": 0.4205962059620596,
            "support": 1000.0
        },
        "4": {
            "precision": 0.4960725075528701,
            "recall": 0.821,
            "f1-score": 0.6184557438794727,
            "support": 1000.0
        },
        "5": {
            "precision": 0.8052631578947368,
            "recall": 0.459,
            "f1-score": 0.5847133757961783,
            "support": 1000.0
        },
        "accuracy": 0.47733333333333333,
        "macro avg": {
            "precision": 0.5243663321481686,
            "recall": 0.4773333333333334,
            "f1-score": 0.4609628443300609,
            "support": 6000.0
        },
        "weighted avg": {
            "precision": 0.5243663321481685,
            "recall": 0.47733333333333333,
            "f1-score": 0.4609628443300609,
            "support": 6000.0
        }
    }
}