{
    "2025-05-17_10-41-40": {
        "0": {
            "precision": 0.5660377358490566,
            "recall": 0.09,
            "f1-score": 0.15530629853321828,
            "support": 1000.0
        },
        "1": {
            "precision": 0.4696969696969697,
            "recall": 0.031,
            "f1-score": 0.058161350844277676,
            "support": 1000.0
        },
        "2": {
            "precision": 0.3313521545319465,
            "recall": 0.446,
            "f1-score": 0.38022165387894286,
            "support": 1000.0
        },
        "3": {
            "precision": 0.36398763523956723,
            "recall": 0.471,
            "f1-score": 0.4106364428945074,
            "support": 1000.0
        },
        "4": {
            "precision": 0.28772635814889336,
            "recall": 0.858,
            "f1-score": 0.430939226519337,
            "support": 1000.0
        },
        "5": {
            "precision": 0.8431372549019608,
            "recall": 0.129,
            "f1-score": 0.22376409366869038,
            "support": 1000.0
        },
        "accuracy": 0.3375,
        "macro avg": {
            "precision": 0.4769896847280657,
            "recall": 0.33749999999999997,
            "f1-score": 0.2765048443898289,
            "support": 6000.0
        },
        "weighted avg": {
            "precision": 0.47698968472806574,
            "recall": 0.3375,
            "f1-score": 0.276504844389829,
            "support": 6000.0
        }
    }
}