{
    "2025-05-17_10-41-14": {
        "0": {
            "precision": 0.7966101694915254,
            "recall": 0.047,
            "f1-score": 0.08876298394711993,
            "support": 1000.0
        },
        "1": {
            "precision": 0.34115523465703973,
            "recall": 0.189,
            "f1-score": 0.24324324324324326,
            "support": 1000.0
        },
        "2": {
            "precision": 0.35456831517183574,
            "recall": 0.423,
            "f1-score": 0.3857729138166895,
            "support": 1000.0
        },
        "3": {
            "precision": 0.5176470588235295,
            "recall": 0.22,
            "f1-score": 0.3087719298245614,
            "support": 1000.0
        },
        "4": {
            "precision": 0.26251025430680885,
            "recall": 0.96,
            "f1-score": 0.412282585355379,
            "support": 1000.0
        },
        "5": {
            "precision": 0.9464285714285714,
            "recall": 0.106,
            "f1-score": 0.1906474820143885,
            "support": 1000.0
        },
        "accuracy": 0.32416666666666666,
        "macro avg": {
            "precision": 0.5364866006465517,
            "recall": 0.32416666666666666,
            "f1-score": 0.27158018970023023,
            "support": 6000.0
        },
        "weighted avg": {
            "precision": 0.5364866006465518,
            "recall": 0.32416666666666666,
            "f1-score": 0.2715801897002303,
            "support": 6000.0
        }
    }
}