{
    "2025-05-17_10-44-35": {
        "0": {
            "precision": 0.6335877862595419,
            "recall": 0.166,
            "f1-score": 0.2630744849445325,
            "support": 1000.0
        },
        "1": {
            "precision": 0.43155893536121676,
            "recall": 0.227,
            "f1-score": 0.29750982961992134,
            "support": 1000.0
        },
        "2": {
            "precision": 0.3506081438392385,
            "recall": 0.663,
            "f1-score": 0.45866482186094776,
            "support": 1000.0
        },
        "3": {
            "precision": 0.4459770114942529,
            "recall": 0.388,
            "f1-score": 0.41497326203208557,
            "support": 1000.0
        },
        "4": {
            "precision": 0.42077549066539016,
            "recall": 0.879,
            "f1-score": 0.5691162188410489,
            "support": 1000.0
        },
        "5": {
            "precision": 0.8646408839779005,
            "recall": 0.313,
            "f1-score": 0.45961820851688695,
            "support": 1000.0
        },
        "accuracy": 0.43933333333333335,
        "macro avg": {
            "precision": 0.5245247085995901,
            "recall": 0.43933333333333335,
            "f1-score": 0.41049280430257057,
            "support": 6000.0
        },
        "weighted avg": {
            "precision": 0.5245247085995902,
            "recall": 0.43933333333333335,
            "f1-score": 0.4104928043025705,
            "support": 6000.0
        }
    }
}