{
    "2025-05-17_10-42-09": {
        "0": {
            "precision": 0.4581231079717457,
            "recall": 0.454,
            "f1-score": 0.45605223505775994,
            "support": 1000.0
        },
        "1": {
            "precision": 0.4311797752808989,
            "recall": 0.307,
            "f1-score": 0.35864485981308414,
            "support": 1000.0
        },
        "2": {
            "precision": 0.37508747375787266,
            "recall": 0.536,
            "f1-score": 0.44133388225607245,
            "support": 1000.0
        },
        "3": {
            "precision": 0.514041514041514,
            "recall": 0.421,
            "f1-score": 0.462891698735569,
            "support": 1000.0
        },
        "4": {
            "precision": 0.5329218106995884,
            "recall": 0.777,
            "f1-score": 0.6322213181448332,
            "support": 1000.0
        },
        "5": {
            "precision": 0.7884940778341794,
            "recall": 0.466,
            "f1-score": 0.5857950974230044,
            "support": 1000.0
        },
        "accuracy": 0.4935,
        "macro avg": {
            "precision": 0.5166412932642999,
            "recall": 0.49350000000000005,
            "f1-score": 0.4894898485717205,
            "support": 6000.0
        },
        "weighted avg": {
            "precision": 0.5166412932642999,
            "recall": 0.4935,
            "f1-score": 0.4894898485717205,
            "support": 6000.0
        }
    }
}