{
    "2025-05-17_10-44-12": {
        "0": {
            "precision": 0.6378600823045267,
            "recall": 0.155,
            "f1-score": 0.249396621078037,
            "support": 1000.0
        },
        "1": {
            "precision": 0.3843537414965986,
            "recall": 0.113,
            "f1-score": 0.17465224111282843,
            "support": 1000.0
        },
        "2": {
            "precision": 0.31399317406143346,
            "recall": 0.644,
            "f1-score": 0.4221566699442806,
            "support": 1000.0
        },
        "3": {
            "precision": 0.5439429928741093,
            "recall": 0.229,
            "f1-score": 0.3223082336382829,
            "support": 1000.0
        },
        "4": {
            "precision": 0.3386781384434885,
            "recall": 0.866,
            "f1-score": 0.4869271858307563,
            "support": 1000.0
        },
        "5": {
            "precision": 0.8433179723502304,
            "recall": 0.366,
            "f1-score": 0.5104602510460251,
            "support": 1000.0
        },
        "accuracy": 0.3955,
        "macro avg": {
            "precision": 0.5103576835883978,
            "recall": 0.3955,
            "f1-score": 0.36098353377503506,
            "support": 6000.0
        },
        "weighted avg": {
            "precision": 0.5103576835883977,
            "recall": 0.3955,
            "f1-score": 0.36098353377503506,
            "support": 6000.0
        }
    }
}