{
    "2025-05-17_10-46-41": {
        "0": {
            "precision": 0.8309859154929577,
            "recall": 0.118,
            "f1-score": 0.20665499124343256,
            "support": 1000.0
        },
        "1": {
            "precision": 0.47638603696098564,
            "recall": 0.232,
            "f1-score": 0.3120376597175521,
            "support": 1000.0
        },
        "2": {
            "precision": 0.3359733222175907,
            "recall": 0.806,
            "f1-score": 0.4742571344513092,
            "support": 1000.0
        },
        "3": {
            "precision": 0.499031007751938,
            "recall": 0.515,
            "f1-score": 0.5068897637795275,
            "support": 1000.0
        },
        "4": {
            "precision": 0.5144927536231884,
            "recall": 0.781,
            "f1-score": 0.6203335980937251,
            "support": 1000.0
        },
        "5": {
            "precision": 0.8815165876777251,
            "recall": 0.372,
            "f1-score": 0.5232067510548524,
            "support": 1000.0
        },
        "accuracy": 0.4706666666666667,
        "macro avg": {
            "precision": 0.5897309372873976,
            "recall": 0.47066666666666673,
            "f1-score": 0.44056331639006646,
            "support": 6000.0
        },
        "weighted avg": {
            "precision": 0.5897309372873976,
            "recall": 0.4706666666666667,
            "f1-score": 0.4405633163900664,
            "support": 6000.0
        }
    }
}