{
    "2025-05-17_10-42-34": {
        "0": {
            "precision": 0.7010869565217391,
            "recall": 0.387,
            "f1-score": 0.49871134020618557,
            "support": 1000.0
        },
        "1": {
            "precision": 0.5654596100278552,
            "recall": 0.203,
            "f1-score": 0.29874908020603386,
            "support": 1000.0
        },
        "2": {
            "precision": 0.4018740239458615,
            "recall": 0.772,
            "f1-score": 0.5285861006504622,
            "support": 1000.0
        },
        "3": {
            "precision": 0.5723039215686274,
            "recall": 0.467,
            "f1-score": 0.51431718061674,
            "support": 1000.0
        },
        "4": {
            "precision": 0.4749604638903532,
            "recall": 0.901,
            "f1-score": 0.6220227821884708,
            "support": 1000.0
        },
        "5": {
            "precision": 0.8549450549450549,
            "recall": 0.389,
            "f1-score": 0.5347079037800687,
            "support": 1000.0
        },
        "accuracy": 0.5198333333333334,
        "macro avg": {
            "precision": 0.5951050051499153,
            "recall": 0.5198333333333335,
            "f1-score": 0.49951573127466015,
            "support": 6000.0
        },
        "weighted avg": {
            "precision": 0.5951050051499153,
            "recall": 0.5198333333333334,
            "f1-score": 0.49951573127466026,
            "support": 6000.0
        }
    }
}