{
    "2025-05-17_10-45-26": {
        "0": {
            "precision": 0.7428571428571429,
            "recall": 0.078,
            "f1-score": 0.1411764705882353,
            "support": 1000.0
        },
        "1": {
            "precision": 0.40569395017793597,
            "recall": 0.114,
            "f1-score": 0.17798594847775176,
            "support": 1000.0
        },
        "2": {
            "precision": 0.28778018799710775,
            "recall": 0.796,
            "f1-score": 0.4227296866702071,
            "support": 1000.0
        },
        "3": {
            "precision": 0.5352839931153184,
            "recall": 0.311,
            "f1-score": 0.39342188488298546,
            "support": 1000.0
        },
        "4": {
            "precision": 0.4644986449864499,
            "recall": 0.857,
            "f1-score": 0.6024604569420036,
            "support": 1000.0
        },
        "5": {
            "precision": 0.8530805687203792,
            "recall": 0.36,
            "f1-score": 0.5063291139240507,
            "support": 1000.0
        },
        "accuracy": 0.41933333333333334,
        "macro avg": {
            "precision": 0.5481990813090557,
            "recall": 0.4193333333333333,
            "f1-score": 0.37401726024753895,
            "support": 6000.0
        },
        "weighted avg": {
            "precision": 0.5481990813090557,
            "recall": 0.41933333333333334,
            "f1-score": 0.3740172602475389,
            "support": 6000.0
        }
    }
}