{
    "2025-05-17_10-43-48": {
        "0": {
            "precision": 0.4847908745247148,
            "recall": 0.255,
            "f1-score": 0.33420707732634336,
            "support": 1000.0
        },
        "1": {
            "precision": 0.44,
            "recall": 0.176,
            "f1-score": 0.25142857142857145,
            "support": 1000.0
        },
        "2": {
            "precision": 0.3159379407616361,
            "recall": 0.672,
            "f1-score": 0.42980492484809724,
            "support": 1000.0
        },
        "3": {
            "precision": 0.5883534136546185,
            "recall": 0.293,
            "f1-score": 0.39118825100133514,
            "support": 1000.0
        },
        "4": {
            "precision": 0.4315579890492782,
            "recall": 0.867,
            "f1-score": 0.576271186440678,
            "support": 1000.0
        },
        "5": {
            "precision": 0.8318181818181818,
            "recall": 0.366,
            "f1-score": 0.5083333333333333,
            "support": 1000.0
        },
        "accuracy": 0.43816666666666665,
        "macro avg": {
            "precision": 0.5154097333014049,
            "recall": 0.43816666666666665,
            "f1-score": 0.4152055573963931,
            "support": 6000.0
        },
        "weighted avg": {
            "precision": 0.5154097333014048,
            "recall": 0.43816666666666665,
            "f1-score": 0.4152055573963931,
            "support": 6000.0
        }
    }
}