{
    "2025-05-17_10-40-44": {
        "0": {
            "precision": 0.45569620253164556,
            "recall": 0.072,
            "f1-score": 0.12435233160621761,
            "support": 1000.0
        },
        "1": {
            "precision": 0.4431818181818182,
            "recall": 0.117,
            "f1-score": 0.185126582278481,
            "support": 1000.0
        },
        "2": {
            "precision": 0.30348004094165815,
            "recall": 0.593,
            "f1-score": 0.4014895057549086,
            "support": 1000.0
        },
        "3": {
            "precision": 0.4822404371584699,
            "recall": 0.353,
            "f1-score": 0.407621247113164,
            "support": 1000.0
        },
        "4": {
            "precision": 0.333587786259542,
            "recall": 0.874,
            "f1-score": 0.48287292817679556,
            "support": 1000.0
        },
        "5": {
            "precision": 0.8088235294117647,
            "recall": 0.22,
            "f1-score": 0.34591194968553457,
            "support": 1000.0
        },
        "accuracy": 0.3715,
        "macro avg": {
            "precision": 0.47116830241414975,
            "recall": 0.3715,
            "f1-score": 0.3245624241025169,
            "support": 6000.0
        },
        "weighted avg": {
            "precision": 0.4711683024141498,
            "recall": 0.3715,
            "f1-score": 0.3245624241025169,
            "support": 6000.0
        }
    }
}