{
    "2025-05-17_10-40-11": {
        "0": {
            "precision": 0.4022140221402214,
            "recall": 0.327,
            "f1-score": 0.3607280750137893,
            "support": 1000.0
        },
        "1": {
            "precision": 0.3274147727272727,
            "recall": 0.461,
            "f1-score": 0.38289036544850497,
            "support": 1000.0
        },
        "2": {
            "precision": 0.3717442778216259,
            "recall": 0.471,
            "f1-score": 0.41552712836347594,
            "support": 1000.0
        },
        "3": {
            "precision": 0.43036649214659684,
            "recall": 0.411,
            "f1-score": 0.42046035805626597,
            "support": 1000.0
        },
        "4": {
            "precision": 0.5982230997038499,
            "recall": 0.606,
            "f1-score": 0.6020864381520119,
            "support": 1000.0
        },
        "5": {
            "precision": 0.7775735294117647,
            "recall": 0.423,
            "f1-score": 0.5479274611398963,
            "support": 1000.0
        },
        "accuracy": 0.4498333333333333,
        "macro avg": {
            "precision": 0.4845893656585553,
            "recall": 0.4498333333333333,
            "f1-score": 0.45493663769565745,
            "support": 6000.0
        },
        "weighted avg": {
            "precision": 0.4845893656585552,
            "recall": 0.4498333333333333,
            "f1-score": 0.45493663769565734,
            "support": 6000.0
        }
    }
}