{
    "2025-05-17_10-45-00": {
        "0": {
            "precision": 0.631768953068592,
            "recall": 0.175,
            "f1-score": 0.274079874706343,
            "support": 1000.0
        },
        "1": {
            "precision": 0.4234527687296417,
            "recall": 0.13,
            "f1-score": 0.19892884468247896,
            "support": 1000.0
        },
        "2": {
            "precision": 0.2813109637143972,
            "recall": 0.721,
            "f1-score": 0.40471512770137524,
            "support": 1000.0
        },
        "3": {
            "precision": 0.5885885885885885,
            "recall": 0.196,
            "f1-score": 0.2940735183795949,
            "support": 1000.0
        },
        "4": {
            "precision": 0.4093827160493827,
            "recall": 0.829,
            "f1-score": 0.548099173553719,
            "support": 1000.0
        },
        "5": {
            "precision": 0.7414141414141414,
            "recall": 0.367,
            "f1-score": 0.4909698996655518,
            "support": 1000.0
        },
        "accuracy": 0.403,
        "macro avg": {
            "precision": 0.5126530219274573,
            "recall": 0.403,
            "f1-score": 0.3684777397815105,
            "support": 6000.0
        },
        "weighted avg": {
            "precision": 0.5126530219274573,
            "recall": 0.403,
            "f1-score": 0.36847773978151055,
            "support": 6000.0
        }
    }
}