{
    "2025-05-17_10-47-20": {
        "0": {
            "precision": 0.5007012622720898,
            "recall": 0.357,
            "f1-score": 0.4168126094570928,
            "support": 1000.0
        },
        "1": {
            "precision": 0.47586206896551725,
            "recall": 0.138,
            "f1-score": 0.21395348837209302,
            "support": 1000.0
        },
        "2": {
            "precision": 0.3564413633737724,
            "recall": 0.617,
            "f1-score": 0.45184913950933725,
            "support": 1000.0
        },
        "3": {
            "precision": 0.5415094339622641,
            "recall": 0.287,
            "f1-score": 0.37516339869281046,
            "support": 1000.0
        },
        "4": {
            "precision": 0.4126236457842675,
            "recall": 0.876,
            "f1-score": 0.5609990393852066,
            "support": 1000.0
        },
        "5": {
            "precision": 0.734094616639478,
            "recall": 0.45,
            "f1-score": 0.5579665220086795,
            "support": 1000.0
        },
        "accuracy": 0.45416666666666666,
        "macro avg": {
            "precision": 0.5035387318328982,
            "recall": 0.45416666666666666,
            "f1-score": 0.42945736623753655,
            "support": 6000.0
        },
        "weighted avg": {
            "precision": 0.5035387318328981,
            "recall": 0.45416666666666666,
            "f1-score": 0.4294573662375366,
            "support": 6000.0
        }
    }
}