{
    "2025-05-17_10-48-27": {
        "0": {
            "precision": 0.6041666666666666,
            "recall": 0.29,
            "f1-score": 0.3918918918918919,
            "support": 1000.0
        },
        "1": {
            "precision": 0.4190283400809717,
            "recall": 0.207,
            "f1-score": 0.27710843373493976,
            "support": 1000.0
        },
        "2": {
            "precision": 0.3223270440251572,
            "recall": 0.615,
            "f1-score": 0.4229711141678129,
            "support": 1000.0
        },
        "3": {
            "precision": 0.5487364620938628,
            "recall": 0.304,
            "f1-score": 0.3912483912483912,
            "support": 1000.0
        },
        "4": {
            "precision": 0.37084398976982097,
            "recall": 0.87,
            "f1-score": 0.5200239091452481,
            "support": 1000.0
        },
        "5": {
            "precision": 0.8899082568807339,
            "recall": 0.194,
            "f1-score": 0.3185550082101806,
            "support": 1000.0
        },
        "accuracy": 0.41333333333333333,
        "macro avg": {
            "precision": 0.5258351265862022,
            "recall": 0.41333333333333333,
            "f1-score": 0.3869664580664107,
            "support": 6000.0
        },
        "weighted avg": {
            "precision": 0.5258351265862021,
            "recall": 0.41333333333333333,
            "f1-score": 0.3869664580664107,
            "support": 6000.0
        }
    }
}