{
    "2025-05-17_10-42-58": {
        "0": {
            "precision": 0.6514285714285715,
            "recall": 0.114,
            "f1-score": 0.19404255319148936,
            "support": 1000.0
        },
        "1": {
            "precision": 0.4648910411622276,
            "recall": 0.192,
            "f1-score": 0.27176220806794055,
            "support": 1000.0
        },
        "2": {
            "precision": 0.2846497764530551,
            "recall": 0.764,
            "f1-score": 0.4147665580890337,
            "support": 1000.0
        },
        "3": {
            "precision": 0.4827586206896552,
            "recall": 0.434,
            "f1-score": 0.4570826750921538,
            "support": 1000.0
        },
        "4": {
            "precision": 0.5533480500367918,
            "recall": 0.752,
            "f1-score": 0.6375582874099195,
            "support": 1000.0
        },
        "5": {
            "precision": 0.7872340425531915,
            "recall": 0.37,
            "f1-score": 0.5034013605442177,
            "support": 1000.0
        },
        "accuracy": 0.43766666666666665,
        "macro avg": {
            "precision": 0.5373850170539154,
            "recall": 0.4376666666666667,
            "f1-score": 0.41310227373245906,
            "support": 6000.0
        },
        "weighted avg": {
            "precision": 0.5373850170539154,
            "recall": 0.43766666666666665,
            "f1-score": 0.4131022737324591,
            "support": 6000.0
        }
    }
}