{
    "2025-05-17_10-43-24": {
        "0": {
            "precision": 0.7,
            "recall": 0.091,
            "f1-score": 0.16106194690265488,
            "support": 1000.0
        },
        "1": {
            "precision": 0.5520833333333334,
            "recall": 0.053,
            "f1-score": 0.09671532846715329,
            "support": 1000.0
        },
        "2": {
            "precision": 0.2664853840924541,
            "recall": 0.784,
            "f1-score": 0.39776763064434295,
            "support": 1000.0
        },
        "3": {
            "precision": 0.45717592592592593,
            "recall": 0.395,
            "f1-score": 0.4238197424892704,
            "support": 1000.0
        },
        "4": {
            "precision": 0.5385756676557863,
            "recall": 0.726,
            "f1-score": 0.6183986371379898,
            "support": 1000.0
        },
        "5": {
            "precision": 0.6709677419354839,
            "recall": 0.416,
            "f1-score": 0.5135802469135803,
            "support": 1000.0
        },
        "accuracy": 0.41083333333333333,
        "macro avg": {
            "precision": 0.530881342157164,
            "recall": 0.41083333333333333,
            "f1-score": 0.368557255425832,
            "support": 6000.0
        },
        "weighted avg": {
            "precision": 0.5308813421571639,
            "recall": 0.41083333333333333,
            "f1-score": 0.3685572554258319,
            "support": 6000.0
        }
    }
}