{
    "2025-05-04_23-06-49": {
        "0": {
            "precision": 0.4166666666666667,
            "recall": 0.435,
            "f1-score": 0.42563600782778865,
            "support": 1000.0
        },
        "1": {
            "precision": 0.8552412645590682,
            "recall": 0.514,
            "f1-score": 0.6420986883198001,
            "support": 1000.0
        },
        "2": {
            "precision": 0.4154929577464789,
            "recall": 0.059,
            "f1-score": 0.10332749562171628,
            "support": 1000.0
        },
        "3": {
            "precision": 0.4358974358974359,
            "recall": 0.068,
            "f1-score": 0.11764705882352941,
            "support": 1000.0
        },
        "4": {
            "precision": 0.29256198347107437,
            "recall": 0.354,
            "f1-score": 0.32036199095022627,
            "support": 1000.0
        },
        "5": {
            "precision": 0.4603340292275574,
            "recall": 0.441,
            "f1-score": 0.45045965270684374,
            "support": 1000.0
        },
        "6": {
            "precision": 0.31451912365391754,
            "recall": 0.847,
            "f1-score": 0.4587056593555375,
            "support": 1000.0
        },
        "7": {
            "precision": 0.821656050955414,
            "recall": 0.258,
            "f1-score": 0.3926940639269406,
            "support": 1000.0
        },
        "8": {
            "precision": 0.35291595197255576,
            "recall": 0.823,
            "f1-score": 0.4939975990396158,
            "support": 1000.0
        },
        "9": {
            "precision": 0.6090909090909091,
            "recall": 0.335,
            "f1-score": 0.432258064516129,
            "support": 1000.0
        },
        "accuracy": 0.4134,
        "macro avg": {
            "precision": 0.49743763732410784,
            "recall": 0.41340000000000005,
            "f1-score": 0.38371862810881274,
            "support": 10000.0
        },
        "weighted avg": {
            "precision": 0.49743763732410773,
            "recall": 0.4134,
            "f1-score": 0.38371862810881274,
            "support": 10000.0
        }
    }
}