{
    "2025-05-04_21-33-18": {
        "0": {
            "precision": 0.7689161554192229,
            "recall": 0.752,
            "f1-score": 0.7603640040444893,
            "support": 1000.0
        },
        "1": {
            "precision": 0.9164222873900293,
            "recall": 0.625,
            "f1-score": 0.7431629013079667,
            "support": 1000.0
        },
        "2": {
            "precision": 0.6429567642956764,
            "recall": 0.922,
            "f1-score": 0.7576006573541495,
            "support": 1000.0
        },
        "3": {
            "precision": 0.8024282560706402,
            "recall": 0.727,
            "f1-score": 0.7628541448058762,
            "support": 1000.0
        },
        "accuracy": 0.7565,
        "macro avg": {
            "precision": 0.7826808657938922,
            "recall": 0.7565,
            "f1-score": 0.7559954268781204,
            "support": 4000.0
        },
        "weighted avg": {
            "precision": 0.7826808657938922,
            "recall": 0.7565,
            "f1-score": 0.7559954268781204,
            "support": 4000.0
        }
    }
}