{
    "2025-05-04_21-28-08": {
        "0": {
            "precision": 0.22580645161290322,
            "recall": 0.007,
            "f1-score": 0.013579049466537343,
            "support": 1000.0
        },
        "1": {
            "precision": 0.0,
            "recall": 0.0,
            "f1-score": 0.0,
            "support": 1000.0
        },
        "2": {
            "precision": 0.16574307304785893,
            "recall": 0.987,
            "f1-score": 0.28382458662832494,
            "support": 1000.0
        },
        "3": {
            "precision": 0.0,
            "recall": 0.0,
            "f1-score": 0.0,
            "support": 1000.0
        },
        "4": {
            "precision": 0.0,
            "recall": 0.0,
            "f1-score": 0.0,
            "support": 1000.0
        },
        "5": {
            "precision": 0.0,
            "recall": 0.0,
            "f1-score": 0.0,
            "support": 1000.0
        },
        "accuracy": 0.16566666666666666,
        "macro avg": {
            "precision": 0.06525825411012702,
            "recall": 0.16566666666666666,
            "f1-score": 0.04956727268247704,
            "support": 6000.0
        },
        "weighted avg": {
            "precision": 0.06525825411012702,
            "recall": 0.16566666666666666,
            "f1-score": 0.04956727268247705,
            "support": 6000.0
        }
    }
}